"Sex","n","A","B"
"B",8640,1.38077843163522e-08,3.02506116739882
"F",4014,1.37766981369361e-08,3.02404401301627
"M",4612,1.17052402266764e-08,3.07047279801701
