"sex","n","A","B"
"all",8640,1.38077843163519e-08,3.02506116739881
"male",4612,1.17052402266776e-08,3.07047279801696
"female",4014,1.377669813694e-08,3.02404401301619
