"Sex","n","A","B"
"B",8640,1.38077843163608e-05,3.02506116739866
"F",4014,1.37766981369338e-05,3.02404401301629
"M",4612,1.17052402266761e-05,3.07047279801703
